plane,car,bird,cat,deer,dog,frog,horse,ship,truck
0.5247
0.548,0.736,0.382,0.153,0.474,0.577,0.701,0.595,0.768,0.313
0.6477541371158393,0.5517241379310345,0.410752688172043,0.4434782608695652,0.4688427299703264,0.3949349760438056,0.5318664643399089,0.6715575620767494,0.5314878892733564,0.7382075471698113
0.5937161430119177,0.6306769494430162,0.39585492227979274,0.22750929368029738,0.4714072600696171,0.468915075172694,0.6048317515099223,0.630965005302227,0.6282208588957057,0.4396067415730337
